{
    "accuracy": "73.42%",
    "classification_report": {
        "0": {
            "precision": 0.7195908146411636,
            "recall": 0.77997227997228,
            "f1-score": 0.7485658861022586,
            "support": 17316.0
        },
        "1": {
            "precision": 0.752130635612517,
            "recall": 0.6871730860675226,
            "f1-score": 0.7181860537350521,
            "support": 16824.0
        },
        "accuracy": 0.7342413591095489,
        "macro avg": {
            "precision": 0.7358607251268403,
            "recall": 0.7335726830199013,
            "f1-score": 0.7333759699186553,
            "support": 34140.0
        },
        "weighted avg": {
            "precision": 0.735626255415096,
            "recall": 0.7342413591095489,
            "f1-score": 0.7335948755648866,
            "support": 34140.0
        }
    }
}